model,n_clusters,cluster_min_size,cluster_max_size,silhouette_score,wcss
pcareducedk5,5,115,260,0.30116408319127513,4721.44684539796
pcareducedk22,22,20,82,0.2584411568051674,1772.6002339687343
